company_name,website,location,industry,role_type
Hays Technology,https://www.hays.com.au,Sydney,tech,agency_director
Robert Half Technology,https://www.roberthalf.com.au,Sydney,tech,agency_director
Talent International,https://www.talentinternational.com,Sydney,tech,agency_director
Finite IT Recruitment,https://www.finite.com.au,Sydney,tech,agency_director
Peoplebank,https://www.peoplebank.com.au,Sydney,tech,agency_director
Modis,https://www.modis.com/en-au,Sydney,tech,agency_director
Aurec,https://www.aurec.com,Sydney,tech,agency_director
Clicks IT Recruitment,https://www.clicksrecruitment.com.au,Melbourne,tech,agency_director
u&u Recruitment Partners,https://www.uandu.com,Brisbane,tech,agency_director
Halcyon Knights,https://www.halcyonknights.com.au,Sydney,tech,agency_director
Charterhouse,https://www.charterhouse.com.au,Sydney,tech,agency_director
Paxus,https://www.paxus.com.au,Sydney,tech,agency_director
Digital Classifieds Group,https://www.digitalclassifiedsgroup.com,Sydney,tech,agency_director
Bluefin Resources,https://www.bluefinresources.com.au,Sydney,tech,agency_director
TechStream,https://www.techstream.com.au,Melbourne,tech,agency_director
Coda Recruit,https://www.codarecruitment.com.au,Melbourne,tech,agency_director
Roc Search,https://www.rocsearch.com,Sydney,tech,agency_director
Healthcarelink,https://www.healthcarelink.com.au,Sydney,healthcare,agency_director
Medacs Healthcare,https://www.medacs.com/au,Sydney,healthcare,agency_director
Healthcare Australia,https://www.healthcareaustralia.com.au,Brisbane,healthcare,agency_director
Charterhouse Medical,https://www.charterhouse.com.au,Sydney,healthcare,agency_director
Programmed Health,https://www.programmed.com.au,Perth,healthcare,agency_director
Chandler Macleod Health,https://www.chandlermacleod.com,Sydney,healthcare,agency_director
Horner Recruitment,https://www.horner.com.au,Melbourne,healthcare,agency_director
MedRecruit,https://www.medrecruit.com.au,Melbourne,healthcare,agency_director
Global Medics,https://www.globalmedics.com.au,Sydney,healthcare,agency_director
Skilled Medical,https://www.skilledmedical.com.au,Sydney,healthcare,agency_director
Icon Recruitment,https://www.iconrecruitment.com.au,Melbourne,healthcare,agency_director
Robert Walters,https://www.robertwalters.com.au,Sydney,finance,agency_director
Michael Page,https://www.michaelpage.com.au,Sydney,finance,agency_director
Morgan McKinley,https://www.morganmckinley.com/au,Sydney,finance,agency_director
Ambition,https://www.ambition.com.au,Sydney,finance,agency_director
eFinancialCareers,https://www.efinancialcareers.com.au,Sydney,finance,agency_director
Oxygen Recruitment,https://www.oxygenrecruitment.com.au,Sydney,finance,agency_director
Barden,https://www.barden.com.au,Sydney,finance,agency_director
Waterhouse Taylor Consulting,https://www.wtconsulting.com.au,Sydney,finance,agency_director
Kaizen Recruitment,https://www.kaizenrecruitment.com.au,Melbourne,finance,agency_director
Profusion Group,https://www.profusiongroup.com.au,Melbourne,finance,agency_director
Brunel,https://www.brunel.net/en-au,Perth,engineering,agency_director
Design and Build Recruitment,https://www.designandbuild.com.au,Sydney,engineering,agency_director
Hays Engineering,https://www.hays.com.au,Sydney,engineering,agency_director
Manpower Engineering,https://www.manpower.com.au,Melbourne,engineering,agency_director
Gough Recruitment,https://www.goughrecruitment.com.au,Sydney,engineering,agency_director
Entrée Recruitment,https://www.entree.com.au,Adelaide,engineering,agency_director
Aurex Group,https://www.aurexgroup.com,Brisbane,engineering,agency_director
Randstad,https://www.randstad.com.au,Sydney,general,agency_director
Adecco,https://www.adecco.com.au,Sydney,general,agency_director
Manpower,https://www.manpower.com.au,Melbourne,general,agency_director
Hudson,https://www.hudson.com/au,Sydney,general,agency_director
Chandler Macleod,https://www.chandlermacleod.com,Sydney,general,agency_director
Hays,https://www.hays.com.au,Sydney,general,agency_director
PageGroup,https://www.pagegroup.com.au,Sydney,general,agency_director
Recruit Personnel,https://www.recruitpersonnel.com.au,Melbourne,general,agency_director
Employment Office,https://www.employmentoffice.com.au,Brisbane,general,agency_director
Seek,https://www.seek.com.au,Melbourne,general,agency_director
Hender Consulting,https://www.hender.com.au,Adelaide,general,agency_director
Programmed,https://www.programmed.com.au,Perth,general,agency_director
WorkPac,https://www.workpac.com,Brisbane,general,agency_director
Skilled Group,https://www.skilled.com.au,Melbourne,general,agency_director
Momentum Consulting,https://www.momentumconsulting.com.au,Sydney,general,agency_director
Sharp and Carter,https://www.sharpandcarter.com.au,Melbourne,general,agency_director
Aspect Personnel,https://www.aspectpersonnel.com.au,Melbourne,general,agency_director
Melbourne Recruitment,https://www.melbournerecruitment.com.au,Melbourne,general,agency_director
Core Talent,https://www.coretalent.com.au,Melbourne,general,agency_director
Davidson,https://www.davidsonwp.com,Melbourne,general,agency_director
Abacus Human Capital,https://www.abacus.com.au,Melbourne,general,agency_director
Engage Personnel,https://www.engagepersonnel.com.au,Melbourne,general,agency_director
Beaumont People,https://www.beaumontpeople.com.au,Sydney,general,agency_director
Aquent,https://www.aquent.com.au,Sydney,general,agency_director
Six Degrees Executive,https://www.sixdegreesexecutive.com.au,Melbourne,general,agency_director
People2People,https://www.people2people.com.au,Sydney,general,agency_director
Robert Half Sydney,https://www.roberthalf.com.au,Sydney,finance,agency_director
Ambition Sydney,https://www.ambition.com.au,Sydney,finance,agency_director
Salt Recruitment,https://www.welovesalt.com,Sydney,general,agency_director
Kingfisher Recruitment,https://www.kingfisherrecruitment.com.au,Brisbane,general,agency_director
u&u Brisbane,https://www.uandu.com,Brisbane,general,agency_director
Hays Perth,https://www.hays.com.au,Perth,general,agency_director
Mining People International,https://www.miningpeople.com.au,Perth,engineering,agency_director
Persolkelly,https://www.persolkelly.com.au,Sydney,general,agency_director
Fircroft,https://www.fircroft.com/au,Perth,engineering,agency_director
DFP Recruitment,https://www.dfprecruitment.com.au,Melbourne,general,agency_director
TMS Consulting,https://www.tms.com.au,Sydney,general,agency_director
Axia Recruitment,https://www.axiarecruitment.com.au,Sydney,tech,agency_director
Ethos BeathChapman,https://www.ethosbc.com,Sydney,general,agency_director
Spencer Ogden,https://www.spencerogden.com,Perth,engineering,agency_director
The Recruitment Company,https://www.therecruitmentcompany.com.au,Sydney,general,agency_director
Elcom Technology,https://www.elcomtech.com.au,Sydney,tech,agency_director
Rec2Rec,https://www.rec2rec.com.au,Melbourne,general,agency_director
Greencross,https://www.greencrosshealth.com.au,Brisbane,healthcare,agency_director
Templeton Partners,https://www.templetonpartners.com.au,Melbourne,finance,agency_director
Lloyd Executive,https://www.lloydexecutive.com.au,Sydney,finance,agency_director
Beacham Group,https://www.beachamgroup.com.au,Melbourne,general,agency_director
Hayes Knight,https://www.hayesknight.com.au,Sydney,finance,agency_director
Criterion Conferences,https://www.criterionconferences.com.au,Sydney,general,agency_director
Talent Web Recruitment,https://www.talentweb.com.au,Sydney,tech,agency_director
Finite Recruitment,https://www.finite.com.au,Melbourne,tech,agency_director
Resource Solutions,https://www.resourcesolutions.com,Sydney,general,agency_director
Capita Resourcing,https://www.capita.com.au,Sydney,tech,agency_director
Interpro,https://www.interpro.com.au,Sydney,tech,agency_director
Zenith Executive Search,https://www.zenithexecutive.com.au,Brisbane,general,agency_director
Frazer Jones,https://www.frazerjones.com,Sydney,general,agency_director
Michael Baker International,https://www.mbakerintl.com,Brisbane,engineering,agency_director
Cornerstone OnDemand,https://www.cornerstoneondemand.com,Sydney,tech,agency_director
Versent,https://www.versent.com.au,Sydney,tech,agency_director
Heidrick and Struggles,https://www.heidrick.com,Sydney,general,agency_director
Korn Ferry,https://www.kornferry.com,Sydney,general,agency_director
Spencer Stuart,https://www.spencerstuart.com,Sydney,general,agency_director
Egon Zehnder,https://www.egonzehnder.com,Sydney,general,agency_director
JPA Recruitment,https://www.jparecruitment.com.au,Melbourne,finance,agency_director
Insync Surveys,https://www.insyncsupport.com.au,Melbourne,general,agency_director
Maven Workforce,https://www.mavenworkforce.com.au,Sydney,tech,agency_director
Paxus Technology,https://www.paxus.com.au,Melbourne,tech,agency_director
T+O+M Executive,https://www.tomexecutive.com.au,Sydney,general,agency_director
Fusion Recruitment,https://www.fusionrecruitment.com.au,Perth,general,agency_director
Greythorn,https://www.greythorn.com.au,Melbourne,tech,agency_director
Clearcompany,https://www.clearcompany.com.au,Sydney,tech,agency_director
Fuse Recruitment,https://www.fuserecruitment.com.au,Melbourne,general,agency_director
Frog Recruitment,https://www.frog.com.au,Melbourne,general,agency_director
Troocoo,https://www.troocoo.com.au,Brisbane,general,agency_director
Finite IT Recruitment Solutions,https://www.finite.com.au,Brisbane,tech,agency_director
Lighthouse Recruitment,https://www.lighthouserecruitment.com.au,Perth,general,agency_director
Allstaff Australia,https://www.allstaff.com.au,Melbourne,general,agency_director
Extrastaff,https://www.extrastaff.com.au,Sydney,general,agency_director
Probe Recruitment,https://www.proberecruitment.com.au,Sydney,general,agency_director
Huntsman Recruitment,https://www.huntsmanrecruitment.com.au,Brisbane,general,agency_director
Elance Recruitment,https://www.elancerecruitment.com.au,Melbourne,general,agency_director
Next Gen Recruitment,https://www.nextgenrecruitment.com.au,Sydney,tech,agency_director
Healthcare Professionals Group,https://www.hpgconnect.com,Sydney,healthcare,agency_director
Zenitas Healthcare,https://www.zenitas.com.au,Melbourne,healthcare,agency_director
Frontline Recruitment Group,https://www.frontlinerecruitment.com.au,Brisbane,general,agency_director
Drake,https://www.drakeintl.com,Sydney,general,agency_director
Talent Solutions,https://www.talentsolutions.manpowergroup.com.au,Melbourne,general,agency_director
Experis,https://www.experis.com.au,Sydney,tech,agency_director
Staff Australia,https://www.staffaustralia.com.au,Melbourne,general,agency_director
Ethos BeathChapman Banking,https://www.ethosbc.com,Sydney,finance,agency_director
Meridian Partners,https://www.meridianpartners.com.au,Melbourne,finance,agency_director
Longreach Recruitment,https://www.longreachrecruitment.com.au,Brisbane,general,agency_director
Perigon Group,https://www.perigongroup.com.au,Melbourne,finance,agency_director
Momentum Energy,https://www.momentumrecruitment.com.au,Sydney,general,agency_director
Seek Commercial,https://www.seekcommercial.com.au,Melbourne,general,agency_director
